010106,6,SPAN MINISTERS BIBLE          
010143,8,BILINGUAL BIBLE KJV BLK       
010183,96,WITNESS EDITION BIBLE NIV     
010214,10,GIFT/AWARD BIBLE NIV BURGUNDY 
010236,12,NKJV HERES HOPE NEW TESTAMENT 
010241,10,LIFE SPIRIT KJV BIBLE HARD    
010242,4,LIFE SPIRIT KJV BIBLE BURG BL 
010243,10,LIFE SPIRIT KJV BIBLE BLACK BL
010245,5,LIFE SPIRIT KJV BIB BLACK TGL 
010414,6,ACTION BIBLE GODS REDEMP STORY
010415,1,LIFE RECV BIBLE PERS SIZE NLT 
010427,4,FULL LIFE STUDY BIBLE SPAN    
010457,1500,NEW TESTAMENT POCKET RRS      
010467,28,GIFT & AWARD BIBLE NLT        
010485,48,NEW BELIEVERS BIB NEW TEST NLT
010495,24,FIRE BIB GLOB STUDY CHOC PINK 
010497,24,FIRE BIB GLOB STUDY HARD EDITI
010529,10,FIRE BIBLE MEV BROWN IMIT LEAT
010530,36,FIRE BIBLE MEV                
010660,64,GIFT AWARD BIBLE BLACK KJV    
